Product Name,Price
Womanizer Premium 2 Air Pulse Vibrator - Schwarz,"UVP
                
      179,99
      
          €
        


                
                
      139,99
      
          €"
FemmeGasm Tapp 2 - Pink,"UVP
                
      49,99
      
          €
        


                
                
      29,99
      
          €"
EasyToys Lily Vibrator - Perfekt als Einstiegsvibrator,"UVP
                
      29,99
      
          €
        


                
                
      14,39
      
          €"
Lieberté - Beate Rabbit-Vibrator,"UVP
                
      59,99
      
          €
        


                
                
      28,79
      
          €"
Lovense Lush 3 - Vibro-Ei,"UVP
                
      149,99
      
          €
        


                
                
      129,99
      
          €"
Ultimate Bloom Set,"UVP
                
      244,96
      
          €
        


                
                
      109,99
      
          €"
MyMagicWand - Rosa,"UVP
                
      119,99
      
          €
        


                
                
      89,99
      
          €"
Mad Rabbit Vibrator - schwarz,"UVP
                
      49,99
      
          €
        


                
                
      25,59
      
          €"
Analvibrator mit Heizfunktion,"UVP
                
      49,99
      
          €
        


                
                
      22,49
      
          €"
Girls wanna have fun Set,"UVP
                
      102,96
      
          €
        


                
                
      49,99
      
          €"
