Product Name,Price,Description,Features,Product URL
Peak™ Rechargeable Pump,$122.99,"Elevate your experience to extraordinary heights with the Peak™ Rechargeable Pump, a state-of-the-art device designed for those who seek power and convenience in their personal pleasure pursuits. This rechargeable automatic pump offers incredible suction at the touch of a button, making it a revolutionary tool in the realm of intimate enhancement. Perfect for those who appreciate efficiency and effectiveness, this pump is a testament to advanced design and user-friendly functionality. Featuring four powerful speeds of automatic suction, the pump allows you to customize your experience to match your desires. Each level of suction is designed to offer a different intensity, providing a range of sensations that cater to your personal preferences. Whether you're seeking gentle pressure or a more robust experience, this pump has you covered. The easy-grip controller is designed for single-handed use, ensuring your other hand is free to explore. This ergonomic design enhances the overall experience, making it seamless and enjoyable. Additionally, the removable soft Silicone donut ensures comfort and a snug fit, enhancing the effectiveness of the suction and overall experience. The clear cylinder allows you to see the action, adding an element of visual excitement to your experience. For ease of use and convenience, the pump features an easy push-button control and a quick air release button. Disassembling for cleaning is effortless, ensuring hygiene and longevity. USB rechargeable, with a complete charge achieved in just 2 hours, the pump can run for 120 minutes on high speed and 180 minutes on low speed. Boost your enjoyment with the Peak™ Rechargeable Pump, a modern device carefully created to take your experiences to their highest peaks.",New ArrivalsJanuary 2025July 2024January 2024July 2023; Anal PlayBeadsDouchesProbes and PlugsProstate; Probes and Plugs; Couples PlayCouples EnhancersExtensions and SleevesGamesHarnesses and Strap-on's; Extensions and Sleeves; Harnesses and Strap-on's; FetishCuffs and RestraintsElectro-stimulationKitsGagsMasksNipple AccessoriesWhips and Ticklers; Cuffs and Restraints; Whips and Ticklers; ToysBulletsDildosDual StimulatorsFinger ToysIntimate PumpsKitsMassagersMasturbatorsPanty VibePenis PumpRemote Controlled ToysRingsSelf StimulatorsVibrators,https://calexotics.com/peak-rechargeable-pump/
Pacifica™ Fiji,$122.99,"Introducing the Pacifica™ Fiji, a marvel in the realm of adult toys designed to elevate your intimate experiences. This dual stimulator stands out with its perfectly curved design, crafted to target your G-spot with precision and care. The flexible shaft, adorned with powerful rumbling vibrations, ensures every moment is filled with intense sensation, catering to your deepest desires. Experience the luxurious feel of transparent liquid silicone, a material celebrated for its softness, smoothness, and remarkable durability. This premium quality makes it not only a joy to use but also completely waterproof with an IPX7 rating, opening a world of possibilities for where your adventures can take you. The dual motors embedded within work in harmony, offering 10 intense functions of vibration, pulsation, and escalation, each designed to provide a unique and thrilling experience. Convenience meets innovation with the state-of-the-art memory chip. This intelligent feature remembers your last used setting, allowing you to resume your pleasure journey right where you left off. For those on the move, this vibe features a security travel lock, ensuring your treasure remains discreet. A simple hold for 3 seconds turns it on or off, providing peace of mind wherever you go. The practicality of this delightful toy extends to its charging capabilities. It is USB rechargeable with an included charging cord, offering a complete charge in just 2.5 hours. Its efficient power allows for 40 minutes of use on high speed and an impressive 90 minutes on low speed, ensuring your moments of bliss are never cut short. Experience the pinnacle of pleasure with the Pacifica™ Fiji, a promise of sensual moments you'll never forget.",New ArrivalsJanuary 2025July 2024January 2024July 2023; Anal PlayBeadsDouchesProbes and PlugsProstate; Probes and Plugs; Couples PlayCouples EnhancersExtensions and SleevesGamesHarnesses and Strap-on's; Extensions and Sleeves; Harnesses and Strap-on's; FetishCuffs and RestraintsElectro-stimulationKitsGagsMasksNipple AccessoriesWhips and Ticklers; Cuffs and Restraints; Whips and Ticklers; ToysBulletsDildosDual StimulatorsFinger ToysIntimate PumpsKitsMassagersMasturbatorsPanty VibePenis PumpRemote Controlled ToysRingsSelf StimulatorsVibrators,https://calexotics.com/pacifica-fiji/
California Dreaming® Sunset Beach Seducer,$122.99,"Imagine a rendezvous where every caress mimics the gentle waves and warm embrace of a sunset beach, introducing California Dreaming® Sunset Beach Seducer, a compact stimulator that captures the essence of such indulgent moments. This device is designed for those who crave a deep, powerful connection, offering a dual sensation of vibration and clitoral suction that promises to transport you to the peak of pleasure. The shaft of this alluring device is adorned with a sensual texture and offers three speeds of independent vibration, pulsation, and escalation, each designed to heighten your experience. Complementing the shaft, the stimulator boasts 10 functions of independent intimate suction, with a wide opening that ensures maximum coverage and an unforgettably intense sensation. Powered by dual motors, this device is engineered for those who desire a symphony of sensations. The body-safe Silicone material is not only smooth to the touch but also entirely at your command, wherever and whenever you desire. The state-of-the-art memory chip allows you to resume on the last function used, ensuring a seamless continuation of your journey of self-discovery. Your experience is enhanced by a security travel lock feature, providing peace of mind with a simple three-second hold to turn on or off. USB rechargeable for convenience and equipped with a charging cord, it reaches a complete charge in 2.5 hours. Whether you're seeking a quick escape or an extended session, this device runs for 40 minutes on high speed and 90 minutes on low speed. With the California Dreaming® Sunset Beach Seducer, experience a full immersion into the rich and sensuous world of pleasure.",New ArrivalsJanuary 2025July 2024January 2024July 2023; Anal PlayBeadsDouchesProbes and PlugsProstate; Probes and Plugs; Couples PlayCouples EnhancersExtensions and SleevesGamesHarnesses and Strap-on's; Extensions and Sleeves; Harnesses and Strap-on's; FetishCuffs and RestraintsElectro-stimulationKitsGagsMasksNipple AccessoriesWhips and Ticklers; Cuffs and Restraints; Whips and Ticklers; ToysBulletsDildosDual StimulatorsFinger ToysIntimate PumpsKitsMassagersMasturbatorsPanty VibePenis PumpRemote Controlled ToysRingsSelf StimulatorsVibrators,https://calexotics.com/california-dreaming-sunset-beach-seducer/
Mod™ Tilt,$122.99,"Enter a journey to new sensory heights with the Mod™ Tilt, expertly angled for full contact stimulation that promises to leave no pleasure point untouched. This innovative massager is a blend of precise engineering and luxurious sensation, designed for those who seek a comprehensive and all-encompassing experience. With 10 speeds of intense vibration, it offers a spectrum of rhythmic possibilities. From a gentle purr to a powerful roar, each setting is crafted to deliver deep satisfaction. The angled design ensures that it hits all the right spots with pinpoint accuracy, making every session an exploration of pure pleasure. Crafted from Liquid Silicone, this massager is a delight to the senses, boasting a material that's softer, smoother, and more durable than traditional silicone. Fully waterproof with an IPX7 rating, it invites you to push the boundaries of pleasure, whether in the privacy of your bedroom or the indulgence of a steamy bath. The state-of-the-art memory chip smartly resumes on the last speed used, ensuring a seamless continuation of your pleasure journey. Designed for both intimacy and ease of use, it features a security travel lock, ensuring your private delights remain discreet during your travels. USB rechargeable and complete with a charging cord, it's ready to go after just 2 hours of charging, providing 60 minutes of high-speed sensation or a prolonged 100 minutes at a more leisurely pace. The Mod™ Tilt goes beyond brief excitement; it's an investment in deep and lasting pleasure.",New ArrivalsJanuary 2025July 2024January 2024July 2023; Anal PlayBeadsDouchesProbes and PlugsProstate; Probes and Plugs; Couples PlayCouples EnhancersExtensions and SleevesGamesHarnesses and Strap-on's; Extensions and Sleeves; Harnesses and Strap-on's; FetishCuffs and RestraintsElectro-stimulationKitsGagsMasksNipple AccessoriesWhips and Ticklers; Cuffs and Restraints; Whips and Ticklers; ToysBulletsDildosDual StimulatorsFinger ToysIntimate PumpsKitsMassagersMasturbatorsPanty VibePenis PumpRemote Controlled ToysRingsSelf StimulatorsVibrators,https://calexotics.com/mod-tilt/
Optimum Power® Vibrating and Thrusting Stroker,$122.99,"Experience ultimate pleasure with the Optimum Power® Vibrating and Thrusting Stroker, a totally self-contained rechargeable masturbator offering both vibration and thrusting capabilities. With 10 intense functions of vibration, pulsation, and escalation, as well as 10 independent stroking functions, this device delivers a wide range of sensations for customized pleasure. The masturbator features an Ultra-Soft™ and textured removable sleeve, which can be easily cleaned or used independently for added versatility. The sleeve securely attaches to the device through magnetic contact points, ensuring a secure and stable fit. The sleeve also features a textured chamber that enhances sensations for an even more enjoyable experience. After use, you can safely and hygienically store the masturbator using the removable cap. The device is waterproof and IPX7 submersible, allowing for exciting adventures in the shower or bath. The state-of-the-art memory chip remembers the last function used, so you can effortlessly resume your preferred setting. For added convenience, a security travel lock feature prevents accidental activation during transportation. The masturbator is USB rechargeable, and a full charge takes only 2 hours. On a full charge, the device runs for 40 minutes on high speed and 60 minutes on low speed, ensuring ample time for a mind-blowing pleasure session. Indulge in a thrilling and customizable experience with the Optimum Power® Vibrating and Thrusting Stroker. Its combination of vibration, and thrusting functions, along with its user-friendly features, make it a must-have for your pleasure collection.",New ArrivalsJanuary 2025July 2024January 2024July 2023; Anal PlayBeadsDouchesProbes and PlugsProstate; Probes and Plugs; Couples PlayCouples EnhancersExtensions and SleevesGamesHarnesses and Strap-on's; Extensions and Sleeves; Harnesses and Strap-on's; FetishCuffs and RestraintsElectro-stimulationKitsGagsMasksNipple AccessoriesWhips and Ticklers; Cuffs and Restraints; Whips and Ticklers; ToysBulletsDildosDual StimulatorsFinger ToysIntimate PumpsKitsMassagersMasturbatorsPanty VibePenis PumpRemote Controlled ToysRingsSelf StimulatorsVibrators,https://calexotics.com/optimum-power-vibrating-and-thrusting-stroker/
Dual Rider® Remote Control Thrust & Grind,$122.99,"Own your pleasure with the Dual Rider ® Remote Control Thrust & Grind, a remote-control dual motor massager crafted for self love and exploration. Indulge your senses with 12 functions of intense vibration, powerful 3-speed thrusting shaft, and intimately ribbed grind-worthy design. The sensually contoured massager is lined with a teasing texture for grinding and a thrusting shaft for deep, rumbling stimulation. Use the remote or easy-touch buttons to flicker through the 12 functions of vibration and 3 speeds of independently controlled thrusting. Take the ride of a lifetime and indulge in pleasure just how you like it with the independently controlled power motors. An easy-touch remote control makes cycling through the orgasmic options a breeze. Take this waterproof massager for a dip and embrace powerful vibrations anywhere you want to get wet, or use the playful remote to enjoy a range of up to 32.75 feet (10 meters) away! The premium silicone is body safe, unscented and phthalate free to keep your most sensitive spots happy and healthy. Recharge the premium silicone massager in 3 hours with the provided USB charging cable to enjoy 55 minutes of high-speed stimulation or 100 minutes of low speed vibrations.",New ArrivalsJanuary 2025July 2024January 2024July 2023; Anal PlayBeadsDouchesProbes and PlugsProstate; Probes and Plugs; Couples PlayCouples EnhancersExtensions and SleevesGamesHarnesses and Strap-on's; Extensions and Sleeves; Harnesses and Strap-on's; FetishCuffs and RestraintsElectro-stimulationKitsGagsMasksNipple AccessoriesWhips and Ticklers; Cuffs and Restraints; Whips and Ticklers; ToysBulletsDildosDual StimulatorsFinger ToysIntimate PumpsKitsMassagersMasturbatorsPanty VibePenis PumpRemote Controlled ToysRingsSelf StimulatorsVibrators,https://calexotics.com/dual-rider-remote-control-thrust-grind/
"Venus Butterfly® Silicone Remote Venus ""G""™",$122.99,"Prepare to be thrusted into a world of full-contact stimulation with the Venus Butterfly Silicone Remote Venus “G”™. The now world-famous Venus Butterfly collection has done it again with an intimately contoured shape, pliable G-spot Massager and 12 intense functions of vibration. Spread your wings and tease on-the-go with the ravishing remote control range of up to 32.5 feet (10m) away! While the sensually curved vibrator deliver knee-shaking G-spot stimulation, the contoured butterfly hugs close to your body for external teasing. To use with the remote, hold the push-button control for 3 seconds to turn on/off and use the XO button to cycle through 12 vibration, pulsation and escalation functions. While the easy-to-use vibe can be used with or without the remote to control the intensity, the integrated state of the art memory chip remembers just how you like it by starting on the last function used. Recharge the premium silicone massager in 70 minutes with the provided dual charging USB cable to enjoy 55 minutes of high-speed stimulation or 80 minutes of low speed vibrations. Massager will automatically turn over after 30 minutes of continuous use. The hypoallergenic premium silicone is body safe, unscented and phthalate free to keep you most sensitive spots, happy and healthy.",New ArrivalsJanuary 2025July 2024January 2024July 2023; Anal PlayBeadsDouchesProbes and PlugsProstate; Probes and Plugs; Couples PlayCouples EnhancersExtensions and SleevesGamesHarnesses and Strap-on's; Extensions and Sleeves; Harnesses and Strap-on's; FetishCuffs and RestraintsElectro-stimulationKitsGagsMasksNipple AccessoriesWhips and Ticklers; Cuffs and Restraints; Whips and Ticklers; ToysBulletsDildosDual StimulatorsFinger ToysIntimate PumpsKitsMassagersMasturbatorsPanty VibePenis PumpRemote Controlled ToysRingsSelf StimulatorsVibrators,https://calexotics.com/venus-butterfly-silicone-remote-venus-g/
CalExotics Connect® Venus Butterfly®,$122.99,"Enter the world of unparalleled delight with the CalExotics Connect® Venus Butterfly®, a sophisticated stimulator designed for the modern pleasure seeker. This dual motor stimulator offers full coverage stimulation, perfect for those who desire a comprehensive and deeply satisfying experience. Whether used for solo exploration or as a tantalizing addition to couple's play, it is a versatile and powerful companion. The CalExotics Connect® Venus Butterfly® can be used independently or controlled via a user-friendly, easy-to-download app. This innovative feature allows for seamless and creative play, enabling you and your partner to explore new realms of pleasure from near or afar. The app's intuitive design allows you to explore a range of settings, offering a customizable experience that caters to your desires. Whether you're at home or on the go, the Venus Butterfly® adapts to your lifestyle, providing pleasure at your command. Equipped with 9 functions of vibration, pulsation, and escalation, this stimulator offers a diverse range of sensations. Each setting is carefully crafted to deliver a unique experience, allowing you to navigate through various intensities and rhythms. Whether you're seeking a gentle tease or a more intense encounter, it is designed to satisfy your every whim. Prioritizing both pleasure and convenience, the stimulator is crafted from body-safe Silicone and is 100% waterproof with an IPX7 rating, making it suitable for use in a variety of environments. The state-of-the-art memory chip resumes on the last function used, ensuring a seamless continuation of your pleasure journey. The security travel lock feature, activated by a three-second hold, provides peace of mind during your adventures. USB rechargeable with the included charging cord, this vibe offers a full charge in just 2 hours, with 40 minutes of high-speed enjoyment or 60 minutes on a lower setting. Navigate the depths of joy with the CalExotics Connect® Venus Butterfly®, a sophisticated device designed for exploration and opening up new realms of satisfaction.",New ArrivalsJanuary 2025July 2024January 2024July 2023; Anal PlayBeadsDouchesProbes and PlugsProstate; Probes and Plugs; Couples PlayCouples EnhancersExtensions and SleevesGamesHarnesses and Strap-on's; Extensions and Sleeves; Harnesses and Strap-on's; FetishCuffs and RestraintsElectro-stimulationKitsGagsMasksNipple AccessoriesWhips and Ticklers; Cuffs and Restraints; Whips and Ticklers; ToysBulletsDildosDual StimulatorsFinger ToysIntimate PumpsKitsMassagersMasturbatorsPanty VibePenis PumpRemote Controlled ToysRingsSelf StimulatorsVibrators,https://calexotics.com/calexotics-connect-venus-butterfly/
Stroke It™ BBL Booty - Brown,$122.99,"The Stroke It™ collection brings you the BBL Booty, meant to thrill with a real-feel stroking experience. Dive deep into over 7.5 pounds of heavy-duty stroking pleasure with two realistic pleasure chambers and life-like design. No matter which one you choose, the ultra-tight textured and anatomically correct chambers create a wonderland of pleasure for any member willing to slip inside. The plump stroker ass is great for anyone wanting a little more from their pleasure play with realistic plush-soft pink lips and luscious round ass design. Over 7.5 pounds of Pure Skin® material make for the truly heavy-duty, pounding pleasure you've been craving. Pure Skin® is a super-soft, ultra stretchy material with a unique, life-like feel delivering pure satisfaction in every stroke. This durable sleeve is easy-to-use and requires no special care.",New ArrivalsJanuary 2025July 2024January 2024July 2023; Anal PlayBeadsDouchesProbes and PlugsProstate; Probes and Plugs; Couples PlayCouples EnhancersExtensions and SleevesGamesHarnesses and Strap-on's; Extensions and Sleeves; Harnesses and Strap-on's; FetishCuffs and RestraintsElectro-stimulationKitsGagsMasksNipple AccessoriesWhips and Ticklers; Cuffs and Restraints; Whips and Ticklers; ToysBulletsDildosDual StimulatorsFinger ToysIntimate PumpsKitsMassagersMasturbatorsPanty VibePenis PumpRemote Controlled ToysRingsSelf StimulatorsVibrators,https://calexotics.com/stroke-it-bbl-booty-brown/
Inspire® Silicone Dilator Kit 5-Piece Set,$122.99,"The 5-piece Inspire Silicone Dilator Kit is designed with your comfort in mind. The ergonomically curved tools are thoughtfully created to improve intimate experiences and to aid sexual health. Each piece is made from phthalate free, silky soft, pastel pink premium silicone, and range in size for comfortable, gradual dilation. Each dilator has a smooth and sleek angled shape, and a finger loop for easy use. Insertion of the dilators restores and revives vaginal strength and can also be beneficial in easing discomfort. For a comfortable application, it is recommended that you use a quality lubricant. The Inspire Silicone Dilator Kit can be used as a vaginal trainer, or for treating vaginismus. By using a vaginal dilator set, at home, you can train your vaginal muscles to relax and become used to penetration. The dilators are also suitable for recovery use after surgery.",New ArrivalsJanuary 2025July 2024January 2024July 2023; Anal PlayBeadsDouchesProbes and PlugsProstate; Probes and Plugs; Couples PlayCouples EnhancersExtensions and SleevesGamesHarnesses and Strap-on's; Extensions and Sleeves; Harnesses and Strap-on's; FetishCuffs and RestraintsElectro-stimulationKitsGagsMasksNipple AccessoriesWhips and Ticklers; Cuffs and Restraints; Whips and Ticklers; ToysBulletsDildosDual StimulatorsFinger ToysIntimate PumpsKitsMassagersMasturbatorsPanty VibePenis PumpRemote Controlled ToysRingsSelf StimulatorsVibrators,https://calexotics.com/inspire-silicone-dilator-kit-5-piece-set/
Eclipse® Thrusting Rotator Probe™,$122.99,"The Eclipse® Thrusting Rotator Probe is the ticket to a wonderland of naughty anal pleasure for blissful beginners or erotic experts. The 12-function probe combines powerful vibrations and intense stimulation with thrilling rotating, thrusting actions and two powerful motors.Choose the intensity of your pleasure and ride the waves of orgasmic internal stimulation with synchronized rotation, vibration and thrusting actions. The sensually curved shaft, contoured base and easy-push control allows you to dive deep into effortless stimulation. Two powerful vibration motors in the shaft and base deliver rumbling backdoor stimulation, while the contoured body flexes and moves with you during your most X-rated moments. Enjoy comfortable insertion, effortless stimulation and gentle removal with the gentle ergonomic shape, flexible design and curved base.Recharge the premium silicone massager in 90 minutes with the provided USB charging cable to enjoy 45 minutes of high-speed stimulation or 60 minutes of low speed vibrations.  While the easy button controls the intensity and the plump probe gives you the stimulation you want, the integrated state of the art memory chip remembers just how you like it by starting on the last function used.",New ArrivalsJanuary 2025July 2024January 2024July 2023; Anal PlayBeadsDouchesProbes and PlugsProstate; Probes and Plugs; Couples PlayCouples EnhancersExtensions and SleevesGamesHarnesses and Strap-on's; Extensions and Sleeves; Harnesses and Strap-on's; FetishCuffs and RestraintsElectro-stimulationKitsGagsMasksNipple AccessoriesWhips and Ticklers; Cuffs and Restraints; Whips and Ticklers; ToysBulletsDildosDual StimulatorsFinger ToysIntimate PumpsKitsMassagersMasturbatorsPanty VibePenis PumpRemote Controlled ToysRingsSelf StimulatorsVibrators,https://calexotics.com/eclipse-thrusting-rotator-probe/
Stroke It™ BBL Booty - Ivory,$122.99,"The Stroke It™ collection brings you the BBL Booty, meant to thrill with a real-feel stroking experience. Dive deep into over 7.5 pounds of heavy-duty stroking pleasure with two realistic pleasure chambers and life-like design. No matter which one you choose, the ultra-tight textured and anatomically correct chambers create a wonderland of pleasure for any member willing to slip inside. The plump stroker ass is great for anyone wanting a little more from their pleasure play with realistic plush-soft pink lips and luscious round ass design. Over 7.5 pounds of Pure Skin® material make for the truly heavy-duty, pounding pleasure you've been craving. Pure Skin® is a super-soft, ultra stretchy material with a unique, life-like feel delivering pure satisfaction in every stroke. This durable sleeve is easy-to-use and requires no special care.",New ArrivalsJanuary 2025July 2024January 2024July 2023; Anal PlayBeadsDouchesProbes and PlugsProstate; Probes and Plugs; Couples PlayCouples EnhancersExtensions and SleevesGamesHarnesses and Strap-on's; Extensions and Sleeves; Harnesses and Strap-on's; FetishCuffs and RestraintsElectro-stimulationKitsGagsMasksNipple AccessoriesWhips and Ticklers; Cuffs and Restraints; Whips and Ticklers; ToysBulletsDildosDual StimulatorsFinger ToysIntimate PumpsKitsMassagersMasturbatorsPanty VibePenis PumpRemote Controlled ToysRingsSelf StimulatorsVibrators,https://calexotics.com/stroke-it-bbl-booty-ivory/
Optimum Series® Advanced Automatic Smart Pump™,$122.99,"Maximize your pleasure tool with the Optimum Series Advanced Automatic Smart Pump, a sleek, durable pleasure pump made for superior suction and performance enhancement. Increase endurance, improve stamina and amplify your results with this plethora of customizable pleasure modes. Use the easy-touch buttons and LED screen to enjoy manual pumping or set pressure and duration for up to a 20-minute session. The sleek smart pleasure pump has easy-touch controls and a quick air release button for customizable pumping. While the thick open-end sleeve and tight, nubbed chamber give you sinful stroking pleasure with or without the pump. Never settle for less when it comes to the size of your pleasure with the Optimum Series. The cylindrical pump and thick, durable sleeve are designed to create the perfect seal and powerful suction at the touch of a button. Once you've reached your peak pump, use the quick air release to decrease suction or release seal. This powerful pleasure pump can increase stamina, enhance overall size and amplify sensation during use. Recharge the premium pump in 2 hours with the provided USB charging cable to enjoy 12 hours of pumping pleasure. To track progress while using, watch the incremental measurement marks on the cylinder shaft. The premium sleeve fits onto most standard pumps, but can be used independently for a passionate stroking experience. The premium material is body safe, unscented and phthalate free to keep your most sensitive spots happy and safe. To enjoy easy clean up with this maintenance free stimulator sleeve, simply wash with soap and warm water before and after each use. Use ample lubricant for easy insertion.",New ArrivalsJanuary 2025July 2024January 2024July 2023; Anal PlayBeadsDouchesProbes and PlugsProstate; Probes and Plugs; Couples PlayCouples EnhancersExtensions and SleevesGamesHarnesses and Strap-on's; Extensions and Sleeves; Harnesses and Strap-on's; FetishCuffs and RestraintsElectro-stimulationKitsGagsMasksNipple AccessoriesWhips and Ticklers; Cuffs and Restraints; Whips and Ticklers; ToysBulletsDildosDual StimulatorsFinger ToysIntimate PumpsKitsMassagersMasturbatorsPanty VibePenis PumpRemote Controlled ToysRingsSelf StimulatorsVibrators,https://calexotics.com/optimum-series-advanced-automatic-smart-pump/
CalExotics Connect® Panty Teaser,$122.99,"Step into a world where discretion meets delight with the CalExotics Connect® Panty Teaser, a revolutionary device that blends technology with sensuous pleasure. This sleek and slim panty teaser offers an exciting way to enhance your intimate moments, whether you're indulging in solo play or spicing things up with a partner. This panty teaser can be used independently or controlled via a user-friendly, easy-to-download app. This innovative feature allows for an exhilarating level of control and creativity in your play, enabling you and your partner to explore new realms of pleasure from near or afar. The app's intuitive design makes it simple to explore and enjoy the various settings, adding an element of surprise and excitement to your experiences. Its slim design and magnetic hold ensure secure attachment, promising uninterrupted pleasure. Equipped with 9 functions of vibration, pulsation, and escalation, the panty teaser offers a diverse range of sensations to explore. Each function has been carefully crafted to deliver a unique experience, allowing you to tailor your pleasure journey to your current desires. Whether seeking gentle waves of sensation or more intense stimulation, this panty teaser adapts to your needs, enhancing every encounter. It is not only innovative but also easy to use and convenient. Crafted from body-safe Silicone and 100% waterproof with an IPX7 rating, it invites experimentation in various settings, broadening the scope of your pleasure pursuits. The state-of-the-art memory chip resumes on the last function used, and the security travel lock feature, activated by a three-second hold, ensures discretion and easy travel. USB rechargeable and complete with a charging cord, it offers a full charge in 2 hours, with 40 minutes of high-speed enjoyment or 60 minutes on a lower setting. Experience pleasure like never before with the CalExotics Connect® Panty Teaser, a pathway to new and exciting sensations, providing a deeply satisfying experience.",New ArrivalsJanuary 2025July 2024January 2024July 2023; Anal PlayBeadsDouchesProbes and PlugsProstate; Probes and Plugs; Couples PlayCouples EnhancersExtensions and SleevesGamesHarnesses and Strap-on's; Extensions and Sleeves; Harnesses and Strap-on's; FetishCuffs and RestraintsElectro-stimulationKitsGagsMasksNipple AccessoriesWhips and Ticklers; Cuffs and Restraints; Whips and Ticklers; ToysBulletsDildosDual StimulatorsFinger ToysIntimate PumpsKitsMassagersMasturbatorsPanty VibePenis PumpRemote Controlled ToysRingsSelf StimulatorsVibrators,https://calexotics.com/calexotics-connect-panty-teaser/
French Kiss™ Suck & Play Interchangeable Set,$122.99,"Twice the pleasure, oh la la! The sensual French Kiss™ Suck & Play Interchangeable Set knows just what you need with 2 interchangeable attachments with 12 functions of vibration or 12 functions of suction. The full contact scoop and fluttering triple tongue teaser have been crafted to perfectly contour to your most intimate pleasure points with 12 intense functions. Swap in the sensually contoured encaser and indulge in 12 functions of thrilling suction or indulge in a real French kiss with 12 functions of flickering action. The soft supple silicone and sensually contoured body let you deliver pinpointed pleasure from almost any angle. Use the easy-touch button to control up to 50 minutes of pleasure. Recharge up your pleasure in only 1 hour with the provided USB cable into the self-sealing charging port on the massager. The mini massager’s discreet size and travel-lock button make it the perfect travel companion, letting you embrace radiating pleasure wherever your fantasies take you.",New ArrivalsJanuary 2025July 2024January 2024July 2023; Anal PlayBeadsDouchesProbes and PlugsProstate; Probes and Plugs; Couples PlayCouples EnhancersExtensions and SleevesGamesHarnesses and Strap-on's; Extensions and Sleeves; Harnesses and Strap-on's; FetishCuffs and RestraintsElectro-stimulationKitsGagsMasksNipple AccessoriesWhips and Ticklers; Cuffs and Restraints; Whips and Ticklers; ToysBulletsDildosDual StimulatorsFinger ToysIntimate PumpsKitsMassagersMasturbatorsPanty VibePenis PumpRemote Controlled ToysRingsSelf StimulatorsVibrators,https://calexotics.com/french-kiss-suck-play-interchangeable-set/
Optimum Series® Automatic Smart Pump™,$122.99,"Maximize your pleasure tool with the Optimum Series Automatic Smart Pump, a sleek, durable pleasure pump sex toy for men, made for superior suction and performance enhancement. Increase endurance, improve stamina and amplify your results with 3 unique enhancement exercise modes. The sleek smart pump has easy-touch controls and a quick air release button for customizable pumping. While the thick open-end sleeve and tight, nubbed chamber give you sinful stroking pleasure with or without the pump. Never settle for less when it comes to the size of your pleasure with the Optimum Series. The cylindrical pump and thick, durable sleeve are designed to create the perfect seal and powerful suction at the touch of a button. Once you’ve reached your peak pump, use the quick air release to decrease suction or release seal. When used regularly, this powerful pumper can increase stamina, enhance overall size and amplify sensation. Recharge the premium pump in 90 minutes with the provided USB charging cable to enjoy up to 12 hours of total run time. To track progress, use the incremental measurement marks on the cylinder shaft. The premium sleeve fits into most standard pumps, but can be used independently for a passionate stroking experience. The premium material is body safe, unscented and phthalate free to keep your most sensitive spots, happy and healthy. Enjoy easy clean up with this maintenance free stimulator sleeve, simply wash with soap and warm water before and after each use. Use ample lubricant for easy insertion.",New ArrivalsJanuary 2025July 2024January 2024July 2023; Anal PlayBeadsDouchesProbes and PlugsProstate; Probes and Plugs; Couples PlayCouples EnhancersExtensions and SleevesGamesHarnesses and Strap-on's; Extensions and Sleeves; Harnesses and Strap-on's; FetishCuffs and RestraintsElectro-stimulationKitsGagsMasksNipple AccessoriesWhips and Ticklers; Cuffs and Restraints; Whips and Ticklers; ToysBulletsDildosDual StimulatorsFinger ToysIntimate PumpsKitsMassagersMasturbatorsPanty VibePenis PumpRemote Controlled ToysRingsSelf StimulatorsVibrators,https://calexotics.com/optimum-series-automatic-smart-pump/
Boundless® Bed Restraint,$122.99,"Beware: The Boundless® Bed Restraint may tie up your evenings for a long time to come!This adult toy comes with wrist and ankle cuffs that offer velcro-style closures and universal claps, ensuring maximum comfort and restraint.The very-sturdy, adjustable securing straps wrap beneath nearly any size bed mattress, ensuring that the sub is bound to the will of the dom.  As one of the rising adult toy product categories, BDSM sex toys have seen a surge in the pleasure products community, releasing people of their pent-up tensions in the most sexual ways possible.Each of the double-padded, double-stitched wrist cuffs and each of the ankle cuffs are detachable and can be used as individual cuffs, and the soft, plushy interior makes sure that even when someone is completely bound down, they aren't focusing on any discomfort-- they are focusing on their dominant partner and the experience unfurling before them, instead.  Built to last, the sturdy universal clasps and O-rings with a swivel design further care for the subs dexterity and comfort, while offering full restraint.The Boundless® Bed Restraint is easily hidden for those visiting guests with wandering eyes.  But perhaps, someone needs to be taught a lesson.",New ArrivalsJanuary 2025July 2024January 2024July 2023; Anal PlayBeadsDouchesProbes and PlugsProstate; Probes and Plugs; Couples PlayCouples EnhancersExtensions and SleevesGamesHarnesses and Strap-on's; Extensions and Sleeves; Harnesses and Strap-on's; FetishCuffs and RestraintsElectro-stimulationKitsGagsMasksNipple AccessoriesWhips and Ticklers; Cuffs and Restraints; Whips and Ticklers; ToysBulletsDildosDual StimulatorsFinger ToysIntimate PumpsKitsMassagersMasturbatorsPanty VibePenis PumpRemote Controlled ToysRingsSelf StimulatorsVibrators,https://calexotics.com/boundless-bed-restraint/
Jack Rabbit® Signature Silicone Thrusting Rabbit,$122.99,"The luxurious Jack Rabbit Signature Collection brings thrilling fantasies to life with the sensational Silicone Thrusting Rabbit vibrating sex toy for women. The beautifully designed intimate massager has 7 playful vibration functions and 3 mind-blowing thrusting speeds for a pleasure experience of a lifetime. To maximize and customize your pleasure, the easy-touch 3-button control pad lets you independently operate the plethora of vibration and up-and-down thrusting options of this female sex toy. While the teasing bunny stimulator flickers, the smooth tip thrills internal pleasure points with 3 speeds of thrusting action. The precision thrusting tip has a powerful up-and-down action to ensure you always hit just the right spot. The fluttering jack rabbit ears and nose of this ravishing rabbit are the perfect clit vibrator and delivers blissful stimulation. The soft, flexible teaser vibrations can be used independently from the thrust function for the ultimate in customizable pleasure experience. The self-sealing charging port on the base of the massager lets you charge up your passion in 150 minutes. Use the sleek 3-button control pad to dial into over an hour of passionate pleasure play. Why settle for the rest when you can have the best; take home your very own Jack Rabbit from CalExotics!",New ArrivalsJanuary 2025July 2024January 2024July 2023; Anal PlayBeadsDouchesProbes and PlugsProstate; Probes and Plugs; Couples PlayCouples EnhancersExtensions and SleevesGamesHarnesses and Strap-on's; Extensions and Sleeves; Harnesses and Strap-on's; FetishCuffs and RestraintsElectro-stimulationKitsGagsMasksNipple AccessoriesWhips and Ticklers; Cuffs and Restraints; Whips and Ticklers; ToysBulletsDildosDual StimulatorsFinger ToysIntimate PumpsKitsMassagersMasturbatorsPanty VibePenis PumpRemote Controlled ToysRingsSelf StimulatorsVibrators,https://calexotics.com/jack-rabbit-signature-silicone-thrusting-rabbit/
Jack Rabbit® Elite Thrusting Rabbit,$122.99,"The luxurious Jack Rabbit® Collection brings thrilling fantasies to life with the enchanting Elite Thrusting Rabbit. The beautifully designed massager has 10 playful vibration functions and 3 mind-blowing thrust and vibration speeds for a pleasure experience of a lifetime. To maximize and customize your pleasure, the easy-touch 3-button control pad lets you independently operate the plethora of vibration and up-and-down thrusting options. While the teasing bunny stimulator flickers, the smooth tip thrills internal pleasure points with 3 speeds of thrusting and vibrating action. The precision thrusting and vibrating tip have a powerful up-and-down action to ensure you always hit just the right spot. The fluttering ears and nose of this ravishing rabbit shudder with intensely powerful vibrations. The soft, flexible teaser vibrations can be used independently from the thrust function for the ultimate in a customizable pleasure experience. The self-sealing charging port lets you charge up your passion in 2 hours. Use the sleek 3-button control pad to dial into 120 minutes of passionate pleasure play.",New ArrivalsJanuary 2025July 2024January 2024July 2023; Anal PlayBeadsDouchesProbes and PlugsProstate; Probes and Plugs; Couples PlayCouples EnhancersExtensions and SleevesGamesHarnesses and Strap-on's; Extensions and Sleeves; Harnesses and Strap-on's; FetishCuffs and RestraintsElectro-stimulationKitsGagsMasksNipple AccessoriesWhips and Ticklers; Cuffs and Restraints; Whips and Ticklers; ToysBulletsDildosDual StimulatorsFinger ToysIntimate PumpsKitsMassagersMasturbatorsPanty VibePenis PumpRemote Controlled ToysRingsSelf StimulatorsVibrators,https://calexotics.com/jack-rabbit-elite-thrusting-rabbit/
Silicone Rechargeable Triple Clit Flicker,$122.99,"The Silicone Rechargeable Triple Clit Flicker mixes 7 intense functions of vibration with flickering and tickling package for double the knee-shaking pleasure. The stimulator ring is great for beginners looking to spice things up or erotic experts looking to add intense pleasure to their arsenal. The plush body-safe Silicone ring works to improve stamina and girth to make your lover moan for more, more, more. The tight ring maximizes sensitivity and elevates sensation throughout the penis increases as well, letting men enjoy longer, more powerful pleasure. While you reach next level pleasure, the 7 vibration functions and flickering teasers will leave your lady in a state of orgasmic bliss. Ladies, while his pleasure increases, so will yours! The ergonomically shaped stimulator and fluttering bunny ear teasers deliver pinpoint pleasure on your most intimate sweet spots. Take this waterproof ring for a dip and embrace those powerful vibrations in the bath, shower or hot tub. This passionate cock ring remembers exactly how you like it with the state-of-the-art memory chip and can pick up on the last function used. Use the easy-touch silicone buttons or remote control to effortlessly control pleasure. Recharge your pleasure in no time with a charge time of 1 hour.",New ArrivalsJanuary 2025July 2024January 2024July 2023; Anal PlayBeadsDouchesProbes and PlugsProstate; Probes and Plugs; Couples PlayCouples EnhancersExtensions and SleevesGamesHarnesses and Strap-on's; Extensions and Sleeves; Harnesses and Strap-on's; FetishCuffs and RestraintsElectro-stimulationKitsGagsMasksNipple AccessoriesWhips and Ticklers; Cuffs and Restraints; Whips and Ticklers; ToysBulletsDildosDual StimulatorsFinger ToysIntimate PumpsKitsMassagersMasturbatorsPanty VibePenis PumpRemote Controlled ToysRingsSelf StimulatorsVibrators,https://calexotics.com/silicone-rechargeable-triple-clit-flicker/
Overdrive Remote Control Sex Machine Ridged Thruster,$122.99,"Take pleasure to the next level with the Overdrive Remote Control Sex Machine Ridged Thruster, designed to take your breath away. Engineered for intense satisfaction, this robust sex machine features a uniquely ridged shaft that is ready to deliver an exhilarating ride. Dive into a realm of ecstasy with 10 turbo-charged speeds of intensifying vibration and 5 levels of accelerating thrusting action, each designed to fulfill your wildest fantasies. The sex machine boasts complete control over your experience. With the ability to independently adjust thrusting and vibration intensities, either with the sleek remote or directly on the sex machine, you have the power to tailor your pleasure, from subtle teases to overwhelming climaxes. The detachable suction cup mount further enhances your play by offering hands-free penetration, allowing you to explore new positions and settings without limitation. Designed with your convenience in mind, this sex machine includes a state-of-the-art memory chip that resumes operation at the last speed used, ensuring a seamless continuation of your pleasure journey. The security travel lock feature offers peace of mind, securing your intimate adventures by simply holding the button for 3 seconds to activate or deactivate, perfect for those who love to take their pleasures on the go. Recharging is just as effortless with the included dual charging cord, providing a full charge in only 2.5 hours. Whether you're enjoying a quick session at high speed or extending your pleasure at a lower intensity, the Overdrive Ridged Thruster runs for 45 minutes on high and 75 minutes on low, ensuring that your deepest desires are always within reach. Let the Overdrive Remote Control Sex Machine Ridged Thruster take control and deliver you to new peaks.",New ArrivalsJanuary 2025July 2024January 2024July 2023; Anal PlayBeadsDouchesProbes and PlugsProstate; Probes and Plugs; Couples PlayCouples EnhancersExtensions and SleevesGamesHarnesses and Strap-on's; Extensions and Sleeves; Harnesses and Strap-on's; FetishCuffs and RestraintsElectro-stimulationKitsGagsMasksNipple AccessoriesWhips and Ticklers; Cuffs and Restraints; Whips and Ticklers; ToysBulletsDildosDual StimulatorsFinger ToysIntimate PumpsKitsMassagersMasturbatorsPanty VibePenis PumpRemote Controlled ToysRingsSelf StimulatorsVibrators,https://calexotics.com/overdrive-remote-control-sex-machine-ridged-thruster/
Overdrive Remote Control Sex Machine Smooth Thruster,$122.99,"Step into the fast lane of pleasure with the Overdrive Remote Control Sex Machine Smooth Thruster, your ticket to an unforgettable ride. This powerful sex machine is equipped with a smooth shaft ready to deliver sheer ecstasy. With 10 turbo-charged speeds of intensifying vibration and 5 speeds of accelerating thrusting action, it's designed to satisfy your deepest desires, offering a spectrum of sensations that can be controlled with or without the remote, tailoring your experience to just the way you like it. The Overdrive makes no compromises on convenience or pleasure. Its detachable suction cup mount offers versatile, hands-free penetration that can be adjusted to your favorite angles, ensuring every session is as exhilarating as the last. Whether you're in the mood for gentle pulsations or intense thrusts, this machine is ready to oblige, pushing the limits of your pleasure with every use. Thanks to its state-of-the-art memory chip, the sex machine remembers your last setting, resuming exactly where you left off for seamless satisfaction. Additionally, the security travel lock feature ensures your escapades stay discreet, just hold the button for 3 seconds to turn on or off. With an extended range of over 32.75'/10 m, the remote allows for dynamic play that's as spontaneous as you are. Fully rechargeable with a dual charging cord included, the Overdrive Remote Control Sex Machine Smooth Thruster offers up to 75 minutes of play on low speed or 45 minutes on high. It charges completely in just 2.5 hours, ensuring it’s always ready when you are. Unleash your wild side and let it take you to new heights of passion and intimacy.",New ArrivalsJanuary 2025July 2024January 2024July 2023; Anal PlayBeadsDouchesProbes and PlugsProstate; Probes and Plugs; Couples PlayCouples EnhancersExtensions and SleevesGamesHarnesses and Strap-on's; Extensions and Sleeves; Harnesses and Strap-on's; FetishCuffs and RestraintsElectro-stimulationKitsGagsMasksNipple AccessoriesWhips and Ticklers; Cuffs and Restraints; Whips and Ticklers; ToysBulletsDildosDual StimulatorsFinger ToysIntimate PumpsKitsMassagersMasturbatorsPanty VibePenis PumpRemote Controlled ToysRingsSelf StimulatorsVibrators,https://calexotics.com/overdrive-remote-control-sex-machine-smooth-thruster/
Her Royal Harness® The Regal® Queen - Bronze,$122.99,"Prepare yourself for indulgent pleasure and premium probe play truly fit for royalty with The Regal Queen. Her Royal Harness’ luxurious harness is made for a performance and comfort with a corset-like lace design, plush velvety lining and adjustable buckle enclosure. The bold crotchless design appeals to even the most dominant with the discreet snaps made to accommodate any size probe ring. The designer vegan leather, corset style details and plushy velvet liner give you the ultimate control over comfort.",New ArrivalsJanuary 2025July 2024January 2024July 2023; Anal PlayBeadsDouchesProbes and PlugsProstate; Probes and Plugs; Couples PlayCouples EnhancersExtensions and SleevesGamesHarnesses and Strap-on's; Extensions and Sleeves; Harnesses and Strap-on's; FetishCuffs and RestraintsElectro-stimulationKitsGagsMasksNipple AccessoriesWhips and Ticklers; Cuffs and Restraints; Whips and Ticklers; ToysBulletsDildosDual StimulatorsFinger ToysIntimate PumpsKitsMassagersMasturbatorsPanty VibePenis PumpRemote Controlled ToysRingsSelf StimulatorsVibrators,https://calexotics.com/her-royal-harness-the-regal-queen-bronze/
Silicone Rechargeable Dual Rockin’ Rabbit® Enhancer,$122.99,"The Silicone Rechargeable Dual Rockin’ Rabbit® mixes 7 intense functions of vibration with flickering and tickling package for double the knee-shaking pleasure. This dual stimulator ring sizes are great for beginners looking to spice things up or erotic experts looking to add intense pleasure to their arsenal. The plush body-safe Silicone ring works to improve stamina and girth to make your lover moan for more, more, more. The tight ring maximizes sensitivity and elevates sensation throughout the penis increases as well, letting men enjoy longer, more powerful pleasure. While you reach next level pleasure, the 7 vibration functions and flickering teasers will leave your lady in a state of orgasmic bliss. Ladies, while his pleasure increases, so will yours! The ergonomically shaped stimulator and fluttering bunny ear teasers deliver pinpoint pleasure on your most intimate sweet spots. Take this waterproof ring for a dip and embrace those powerful vibrations in the bath, shower or hot tub. This passionate cock ring remembers exactly how you like it with the state-of-the-art memory chip and can pick up on the last function used. Use the easy-touch silicone buttons or remote control to effortlessly control pleasure. Recharge your pleasure in no time with a charge time of 1 hour.",New ArrivalsJanuary 2025July 2024January 2024July 2023; Anal PlayBeadsDouchesProbes and PlugsProstate; Probes and Plugs; Couples PlayCouples EnhancersExtensions and SleevesGamesHarnesses and Strap-on's; Extensions and Sleeves; Harnesses and Strap-on's; FetishCuffs and RestraintsElectro-stimulationKitsGagsMasksNipple AccessoriesWhips and Ticklers; Cuffs and Restraints; Whips and Ticklers; ToysBulletsDildosDual StimulatorsFinger ToysIntimate PumpsKitsMassagersMasturbatorsPanty VibePenis PumpRemote Controlled ToysRingsSelf StimulatorsVibrators,https://calexotics.com/silicone-rechargeable-dual-rockin-rabbit-enhancer/
French Kiss™ Sweet Talker,$122.99,"The sensual French Kiss™ Sweet Talker is ready to slip into your purse or overnight bag for orgasmic pleasure on-the-go. The compact massager fits just between your fingers to deliver powerful flickering pleasure with 12 sensual functions of flickering action through the tongue-like tip. The full contact scoop and fluttering tongue teaser has been crafted to perfectly contour to your most intimate pleasure points. The soft supple silicone and sensually contoured body let you deliver pinpoint pure pleasure form almost angle. Use the easy-touch button to control up to 50 minutes of vibrating pleasure on low speed and 35 minutes on high speed. Recharge up your pleasure in only 75 minutes with the provided USB cable into the self-healing charging port on the massager. The mini massager’s discreet size and travel-lock button makes it the perfect travel companion, letting you embrace radiating pleasure wherever your fantasies take you.",New ArrivalsJanuary 2025July 2024January 2024July 2023; Anal PlayBeadsDouchesProbes and PlugsProstate; Probes and Plugs; Couples PlayCouples EnhancersExtensions and SleevesGamesHarnesses and Strap-on's; Extensions and Sleeves; Harnesses and Strap-on's; FetishCuffs and RestraintsElectro-stimulationKitsGagsMasksNipple AccessoriesWhips and Ticklers; Cuffs and Restraints; Whips and Ticklers; ToysBulletsDildosDual StimulatorsFinger ToysIntimate PumpsKitsMassagersMasturbatorsPanty VibePenis PumpRemote Controlled ToysRingsSelf StimulatorsVibrators,https://calexotics.com/french-kiss-sweet-talker/
Stroke It™ Life-size Ass - Ivory,$122.99,"The Stroke It™ collection brings you the Life-Size Ass, meant to thrill with a real-feel stroking experience. Dive deep into over 7 pounds of heavy-duty stroking pleasure with two realistic pleasure chambers and life-like design. No matter which one you choose, the ultra-tight textured and anatomically correct chambers creates a wonderland of pleasure for any member willing to slip inside. The plump stroker ass is great for anyone wanting a little more from their pleasure play with realistic plush-soft pink lips and tight round ass design. Over 7 pounds of PureSkin® material make for the truly heavy-duty, pounding pleasure you've been craving. PureSkin® Thermoplastic Rubber is a super-soft, ultra stretchy material with a unique, life-like feel delivering pure satisfaction in every stroke. This durable sleeve is easy-to-use, easy-to-clean and requires no special care. Prior to and after each use, wash sleeve internally and externally with warm water and soap.",New ArrivalsJanuary 2025July 2024January 2024July 2023; Anal PlayBeadsDouchesProbes and PlugsProstate; Probes and Plugs; Couples PlayCouples EnhancersExtensions and SleevesGamesHarnesses and Strap-on's; Extensions and Sleeves; Harnesses and Strap-on's; FetishCuffs and RestraintsElectro-stimulationKitsGagsMasksNipple AccessoriesWhips and Ticklers; Cuffs and Restraints; Whips and Ticklers; ToysBulletsDildosDual StimulatorsFinger ToysIntimate PumpsKitsMassagersMasturbatorsPanty VibePenis PumpRemote Controlled ToysRingsSelf StimulatorsVibrators,https://calexotics.com/stroke-it-life-size-ass/
California Dreaming® Orange County Cutie,$122.99,"The playful California Dreaming™ Collection brings luxurious fantasies to life with the orgasmic Orange County Cutie. The ergonomically designed massager is ready to relive your favorite summer fling fantasies with 10 poweful functions of vibration and 3 knee-shaking thrusting speeds. While the flickering stimulator teases, the ribbed shaft and curved tip delivers deep thrusting, g-spot stimulation. The curved tip has a powerful back-and-forth action to make sure you always hit the right spot. The teasing tickler uses a powerful vibration motor to deliver blissful external stimulation. The flexible teaser can be used independently from the thrust function for fully customizable pleasure. Plug the provided USB cable into the self-healing charing port to recharge your passion in 2.5 hours. Thrill with up to 150 minutes of vibrating pleasure. To effortlessly control stimulation, the sleek 3-button control pad lets you independently operate the vibration and thrusting options. The high-tech memory chip remembers just how you like it resumes play on the last function used",New ArrivalsJanuary 2025July 2024January 2024July 2023; Anal PlayBeadsDouchesProbes and PlugsProstate; Probes and Plugs; Couples PlayCouples EnhancersExtensions and SleevesGamesHarnesses and Strap-on's; Extensions and Sleeves; Harnesses and Strap-on's; FetishCuffs and RestraintsElectro-stimulationKitsGagsMasksNipple AccessoriesWhips and Ticklers; Cuffs and Restraints; Whips and Ticklers; ToysBulletsDildosDual StimulatorsFinger ToysIntimate PumpsKitsMassagersMasturbatorsPanty VibePenis PumpRemote Controlled ToysRingsSelf StimulatorsVibrators,https://calexotics.com/california-dreaming-orange-county-cutie/
California Dreaming® L.A. Love,$122.99,"The playful California Dreaming® Collection brings luxurious fantasies to life with the orgasmic L.A. Love. The powerful massager is ready to relive your favorite summer fling fantasies with 10 functions of intimate suction paired with 3 speeds of independent vibration and thrusting action. The sensual shaft features 3 speeds of thrusting action and vibration to make sure you always hit the right spot. While the thrusting action and vibrations work their magic, the full-coverage suction tip gives you knee-shaking suction stimulation. The clitoral encaser has 10 functions of suction for wave after wave of orgasmic external stimulation. While the suction teases, the sensually shaped shaft and rounded tip deliver deep thrusting and vibrating stimulation. The knee-shaking gyrations packed into this playful vibe aren't for the faint of heart! Triple power motors put out deep thrusting, rumbling vibrations, and powerful suction. Plug the provided USB cable into the self-sealing charging port to recharge your passion in 2.5 hours. Thrill with up to 90 minutes of intense pleasure. To effortlessly control stimulation, the sleek 3-button control pad lets you independently operate the different pleasure options. The high-tech memory chip remembers just how you like it and resumes play on the last function used.",New ArrivalsJanuary 2025July 2024January 2024July 2023; Anal PlayBeadsDouchesProbes and PlugsProstate; Probes and Plugs; Couples PlayCouples EnhancersExtensions and SleevesGamesHarnesses and Strap-on's; Extensions and Sleeves; Harnesses and Strap-on's; FetishCuffs and RestraintsElectro-stimulationKitsGagsMasksNipple AccessoriesWhips and Ticklers; Cuffs and Restraints; Whips and Ticklers; ToysBulletsDildosDual StimulatorsFinger ToysIntimate PumpsKitsMassagersMasturbatorsPanty VibePenis PumpRemote Controlled ToysRingsSelf StimulatorsVibrators,https://calexotics.com/california-dreaming-l-a-love/
CalExotics Connect® Kegel Exerciser,$122.99,"Experience the cutting-edge of intimate satisfaction with the CalExotics Connect® Kegel Exerciser, a sophisticated device that combines the benefits of Kegel exercise with the joy of intimate exploration. This innovative exerciser is perfect for those who seek to enhance their overall well-being while indulging in the delights of intimate pleasure, offering a unique experience that is both beneficial and enjoyable. The Kegel exerciser can be used independently or controlled via a user-friendly, easy-to-download app. This feature allows for a personalized and engaging experience, enabling you and your partner to explore new realms of pleasure from near or afar. The app's intuitive interface makes it simple to navigate through the various functions, adding an element of excitement and versatility to your Kegel exercises. The bulbous design and added pleasure ridges of the exerciser are meticulously crafted to enhance sensation, making each session both effective and pleasurable. Equipped with 9 functions of vibration, pulsation, and escalation, it offers a wide range of sensations. Each function is designed to provide a different experience, from subtle stimulation to more intense vibration, allowing you to cater to your personal preferences and needs. Whether you're focusing on strengthening your pelvic floor or seeking added pleasure, this exerciser adapts to your goals. Prioritizing your pleasure, the Kegel exerciser is crafted from body-safe Silicone and is 100% waterproof with an IPX7 rating, making it safe for use in various environments. The state-of-the-art memory chip resumes on the last function used, ensuring continual pleasure. The security travel lock feature, activated by a three-second hold, guarantees discretion. USB rechargeable with the included charging cord, this Kegel exerciser offers a full charge in just 2 hours, with 40 minutes of high-speed use or 60 minutes at a lower setting. Elevate your pleasure journey with the CalExotics Connect® Kegel Exerciser.",New ArrivalsJanuary 2025July 2024January 2024July 2023; Anal PlayBeadsDouchesProbes and PlugsProstate; Probes and Plugs; Couples PlayCouples EnhancersExtensions and SleevesGamesHarnesses and Strap-on's; Extensions and Sleeves; Harnesses and Strap-on's; FetishCuffs and RestraintsElectro-stimulationKitsGagsMasksNipple AccessoriesWhips and Ticklers; Cuffs and Restraints; Whips and Ticklers; ToysBulletsDildosDual StimulatorsFinger ToysIntimate PumpsKitsMassagersMasturbatorsPanty VibePenis PumpRemote Controlled ToysRingsSelf StimulatorsVibrators,https://calexotics.com/calexotics-connect-kegel-exerciser/
Optimum Power® Pulsar Stroker,$122.99,"Wrap yourself in next level pulsing pleasure with the powerful Optimum Power® Pulsar Stroker. This totally self-contained vibrating masturbator was made to envelop the senses with a fully customizable stroking experience. An ultra-tight textured chamber wraps tightly around you, while 3 levels of powerful suction and 4 independent functions of vibration deliver unparalleled pleasure with every stroke. No matter how hot and heavy things get, the easy-touch control pad makes it easy to adjust functions, hold the power button for 3 seconds to turn on/off. An ultra-tight, ultra-soft textured sleeve can be removed for cleaning or used independently form stroker. Take your pleasure to go with the removable cap for safe, clean storage. Indulge in over 1.5 hours of low-speed sucking pleasure and recharge passion in only 2 hours with the provided USB cable.",New ArrivalsJanuary 2025July 2024January 2024July 2023; Anal PlayBeadsDouchesProbes and PlugsProstate; Probes and Plugs; Couples PlayCouples EnhancersExtensions and SleevesGamesHarnesses and Strap-on's; Extensions and Sleeves; Harnesses and Strap-on's; FetishCuffs and RestraintsElectro-stimulationKitsGagsMasksNipple AccessoriesWhips and Ticklers; Cuffs and Restraints; Whips and Ticklers; ToysBulletsDildosDual StimulatorsFinger ToysIntimate PumpsKitsMassagersMasturbatorsPanty VibePenis PumpRemote Controlled ToysRingsSelf StimulatorsVibrators,https://calexotics.com/optimum-power-pulsar-stroker/
Lock-N-Play™ Remote Panty Teaser,$122.99,"Embrace pleasure wherever life takes you and energize your sex life with the passionate Silicone Remote Panty Pleaser. The perfect little panty massager is the ultimate discreet vibrating massager with a sensually contoured shape, easy-to-use remote control and 12 frisky functions of vibration. Take this waterproof ring for a dip and embrace powerful vibrations in the bath, shower or hot tub or use the playful remote and whisper-quiet vibe to enjoy a range of up to 32.5 feet (10 m) away! To use with the remote, hold the push-button control with LED light for 3 seconds to turn on/off and use the XO button to cycle through 12 vibration, pulsation and escalation functions. While the easy-to-use vibe can be used with or without the remote to control the intensity, the integrated state of the art memory chip remembers just how you like it by starting on the last function used. Recharge the premium silicone massager in 70 minutes with the provided dual charging USB cable to enjoy 60 minutes of high-speed stimulation or 100 minutes of low speed vibrations. The hypoallergenic premium silicone is body safe, unscented and phthalate free to keep you most sensitive spots, happy and healthy.",New ArrivalsJanuary 2025July 2024January 2024July 2023; Anal PlayBeadsDouchesProbes and PlugsProstate; Probes and Plugs; Couples PlayCouples EnhancersExtensions and SleevesGamesHarnesses and Strap-on's; Extensions and Sleeves; Harnesses and Strap-on's; FetishCuffs and RestraintsElectro-stimulationKitsGagsMasksNipple AccessoriesWhips and Ticklers; Cuffs and Restraints; Whips and Ticklers; ToysBulletsDildosDual StimulatorsFinger ToysIntimate PumpsKitsMassagersMasturbatorsPanty VibePenis PumpRemote Controlled ToysRingsSelf StimulatorsVibrators,https://calexotics.com/lock-n-play-remote-panty-teaser/
Slay® #PleaseMe,$122.99,"Slip the tickling Slay™ Pleaser into your purse or handbag for knee-shaking pleasure wherever you go.  The sensually contoured massager fits between your fingers to let you deliver pinpoint tantalization and thrill with flexible vibrations. Get playful while you flicker through 10 indulgent vibration, pulsation and escalation functions with the easy-touch control button. The ergonomically curved toy can be used as a vivacious mini vibrator or discreet panty teaser for pleasure to go Effortlessly control pure pleasure with an easy-touch silicone button and hold for 3 seconds to turn on or off.  Use the smooth single button control to enjoy up to 1.5 hours of vibrating pleasure. Charge up your passion in only 2 hours by plugging the provided USB cable into the self-sealing charging port on the back of the massager. The slim massager discreet 4-inch size makes it the perfect travel companion, letting you embrace radiating pleasure wherever your fantasies take you.",New ArrivalsJanuary 2025July 2024January 2024July 2023; Anal PlayBeadsDouchesProbes and PlugsProstate; Probes and Plugs; Couples PlayCouples EnhancersExtensions and SleevesGamesHarnesses and Strap-on's; Extensions and Sleeves; Harnesses and Strap-on's; FetishCuffs and RestraintsElectro-stimulationKitsGagsMasksNipple AccessoriesWhips and Ticklers; Cuffs and Restraints; Whips and Ticklers; ToysBulletsDildosDual StimulatorsFinger ToysIntimate PumpsKitsMassagersMasturbatorsPanty VibePenis PumpRemote Controlled ToysRingsSelf StimulatorsVibrators,https://calexotics.com/slay-pleaseme/
Dr. Laura Berman® Dilators™ Set Of 4 Locking Sizes Plus Sleeve,$122.99,"Expand and extend your pleasure with the Dr. Laura Berman Intimate Basics Dilator Set. The comprehensive collection is suitable for first-time and experienced users and is perfect for training the pelvic floor and vaginal muscles. The  training set includes body safe ABS vibrating massager and three interlocking, graduated sleeves that gradually increase and expand girth for controlled comfort. The super soft and pliable pleasure nubbed TPR sleeve is sensually textured for orgasmic satisfaction and fits over the vibe. The easy to use  sensuous widening set is ideal for strengthening the love muscles, for elevated exotic pleasure and intensified ecstasy. Start your training with the slimmest dilator and gradually increase the size and intimate satisfaction.",New ArrivalsJanuary 2025July 2024January 2024July 2023; Anal PlayBeadsDouchesProbes and PlugsProstate; Probes and Plugs; Couples PlayCouples EnhancersExtensions and SleevesGamesHarnesses and Strap-on's; Extensions and Sleeves; Harnesses and Strap-on's; FetishCuffs and RestraintsElectro-stimulationKitsGagsMasksNipple AccessoriesWhips and Ticklers; Cuffs and Restraints; Whips and Ticklers; ToysBulletsDildosDual StimulatorsFinger ToysIntimate PumpsKitsMassagersMasturbatorsPanty VibePenis PumpRemote Controlled ToysRingsSelf StimulatorsVibrators,https://calexotics.com/dr-laura-berman-dilators-set-of-4-locking-sizes-plus-sleeve/
Boundless® Silicone Pegging Kit,$122.99,"The Boundless® Silicone Pegging Kit is made to thrust you into the thrilling world of endlessly satisfying pleasure. This anal pleasure set is made to play with 3 graduated sizes of pegging probes, a universal harness, and 3 graduated sizes of support rings.The sensual silicone probes are made to escalate in pleasure with 3 graduated sizes to ease you into the thrills of backdoor passions. Easily change the probe size with the set of 3 interchangeable harness rings to accommodate any dong, dildo, or Boundless® harness toy. Stay comfortable even during the most vigorous pleasure play with the universal fit, fully adjustable thigh and waist straps, and supportive back band. Embrace uninhibited play, unrestrained pleasure and let your fantasies run wild with this harness and probe set.",New ArrivalsJanuary 2025July 2024January 2024July 2023; Anal PlayBeadsDouchesProbes and PlugsProstate; Probes and Plugs; Couples PlayCouples EnhancersExtensions and SleevesGamesHarnesses and Strap-on's; Extensions and Sleeves; Harnesses and Strap-on's; FetishCuffs and RestraintsElectro-stimulationKitsGagsMasksNipple AccessoriesWhips and Ticklers; Cuffs and Restraints; Whips and Ticklers; ToysBulletsDildosDual StimulatorsFinger ToysIntimate PumpsKitsMassagersMasturbatorsPanty VibePenis PumpRemote Controlled ToysRingsSelf StimulatorsVibrators,https://calexotics.com/boundless-silicone-pegging-kit/
Scandal® Bed Restraints,$122.99,"Sink into the sensations of total immobility and relinquish total control to your lover with the Scandal® Bed Restraints. The lack of movement intensifies all the sensations you experience: As you wiggle and twist longingly against these restraints, your dominant’s whisper in your ear will feel even more breathy and full of desire. Their breath will feel hotter and more radiant against your skin. The brush of their skin against yours will feel even more electrifying than usual when you can’t reach out with a touch of your own. Restraints are an amazing way to increase trust, deepen emotional connection, and explore each other’s desires in a whole new way. The wrist and ankle cuffs are totally adjustable and feature a soft and plushy interior that will keep you comfy…no matter how hard you strain against them. The outside of the cuffs is covered in gorgeous red brocade fabric that you’ll shiver in anticipation to see strapped around your wrists. Your partner will love the way your body looks with your legs and arms spread wide in the most vulnerable and enticing of positions. The tethers can be used in a variety of positions: Try them wrapped up from under the mattress or wrapped around a bedpost to keep you tethered firmly to the bed and spread out for your lover’s enjoyment. The set even includes an extension tether, so you’ll be held firmly in place on any size bed.",New ArrivalsJanuary 2025July 2024January 2024July 2023; Anal PlayBeadsDouchesProbes and PlugsProstate; Probes and Plugs; Couples PlayCouples EnhancersExtensions and SleevesGamesHarnesses and Strap-on's; Extensions and Sleeves; Harnesses and Strap-on's; FetishCuffs and RestraintsElectro-stimulationKitsGagsMasksNipple AccessoriesWhips and Ticklers; Cuffs and Restraints; Whips and Ticklers; ToysBulletsDildosDual StimulatorsFinger ToysIntimate PumpsKitsMassagersMasturbatorsPanty VibePenis PumpRemote Controlled ToysRingsSelf StimulatorsVibrators,https://calexotics.com/scandal-bed-restraints/
