Product Name,Price,Product URL
Leather 2-Strap Dildo Harness,"From €64,95",https://sh-womenstore.com/collections/best-sellers/products/leather-2-strap-dildo-harness
Sh! Vaginal Dilators Set,"€82,95",https://sh-womenstore.com/collections/best-sellers/products/sh-vaginal-dilators-set
Cupid 3 Curved Dildo,"€56,95",https://sh-womenstore.com/collections/best-sellers/products/cupid-3-curved-dildo
Sh! Rabbit Vibrator,"€30,95",https://sh-womenstore.com/collections/best-sellers/products/sh-waterproof-rabbit-vibrator
Wirly 2 Slim Dildo,"€40,95",https://sh-womenstore.com/collections/best-sellers/products/wirly-girly-2-slim-dildo
Rose Clitoral Suction Stimulator,"€46,95",https://sh-womenstore.com/collections/best-sellers/products/rose-clitoral-suction-stimulator
Best Strap On Dildo Kit,"€129,95",https://sh-womenstore.com/collections/best-sellers/products/best-strap-on-dildo-kit
Rodeoh Strap On Pants: Lucky,"€70,95",https://sh-womenstore.com/collections/best-sellers/products/rodeoh-strap-on-pants
Rocks Off RO-80 Rainbow Bullet,"€19,95",https://sh-womenstore.com/collections/best-sellers/products/rocks-off-r0-80-rainbow-bullet
Duchess Dildo,"From €54,95",https://sh-womenstore.com/collections/best-sellers/products/duchess-internal-dildo
Twista 2 Long Spiral Dildo,"€74,95",https://sh-womenstore.com/collections/best-sellers/products/twista-2-long-spiral-dildo
Flirts Small Silicone Butt Plug,"€21,95",https://sh-womenstore.com/collections/best-sellers/products/sh-small-silicone-butt-plug
Wirly 6 Slim Dildo,"€62,95",https://sh-womenstore.com/collections/best-sellers/products/wirly-girly-6-slim-dildo
Orgie She Spot G-Spot Arousal Serum 2ml Sachet,"€3,95",https://sh-womenstore.com/collections/best-sellers/products/tickle-her-g-spot
Adjustable Nipple Clamps,"€16,95",https://sh-womenstore.com/collections/best-sellers/products/adjustable-nipple-clamps
Cuties Slim G-Spot Vibrator,"€40,95",https://sh-womenstore.com/collections/best-sellers/products/cora-slim-g-spot-vibrator
We-Vibe Touch X,"€106,95",https://sh-womenstore.com/collections/best-sellers/products/we-vibe-touch-x
Share Lite Strapless Double Dildo,"€118,95",https://sh-womenstore.com/collections/best-sellers/products/fun-factory-share-strapless-dildo
Satisfyer Pro Suction G-Spot Rabbit,"€82,95",https://sh-womenstore.com/collections/best-sellers/products/satisfyer-pro-suction-g-spot-rabbit
Honey 3 G-Spot Dildo,"From €70,95",https://sh-womenstore.com/collections/best-sellers/products/honey-3-g-spot-dildo
Luxe Touch Sensitive Vibrating Dildo,"€118,95",https://sh-womenstore.com/collections/best-sellers/products/luxe-touch-sensitive-vibrating-dildo
Smartballs Duo Double Kegal Balls,"€30,95",https://sh-womenstore.com/collections/best-sellers/products/fun-factory-smartballs-duo
Sh! Leather Bondage Wrist Cuffs,"€42,95",https://sh-womenstore.com/collections/best-sellers/products/leather-bondage-wrist-cuffs
Mistress Cupid Extra Large Dildo,"€111,95",https://sh-womenstore.com/collections/best-sellers/products/mistress-cupid-extra-large-dildo
